Name	FW1	CDR1	FW2	CDR2	FW3	CDR3	FW4
AB-001	SYELTQPPSVSVSPGQTASITC	SGDSLGSYFVH	WYQQKPGQSPVLVIY	DDSNRPS	GIPERFSGSNSGNTATLTISGTQAMDEADYYC	SAFTHNSDV	FGGGTKLTVL
4QCI	------------A-----R-S-	-----------	--------A------	-------	------------------------E-------	---------	----------
R1-002	----------------------	-----------	---------------	-------	--------------------------------	---------	----------
R1-003	----------------------	-----------	---------------	-------	--------------------------------	---------	----------
R1-004	----------------------	-----------	---------------	-------	--------------------------------	---------	----------
R1-005	----------------------	-----------	---------------	-------	--------------------------------	---------	----------
R1-006	----------------------	-----------	---------------	-------	--------------------------------	---------	----------
R1-007	----------------------	-----------	---------------	-------	--------------------------------	---------	----------
R1-008	--V-------------------	-----------	---------------	-------	--------------------------------	---------	----------
R1-009	----------------R-----	-----------	---------------	-------	--------------------------------	---------	----------
R1-010	----------------------	-----------	---------------	---K---	--------------------------------	---------	----------
R1-011	----------------------	-----------	---------------	-------	--------------------------------	-------N-	----------
R1-012	--V-------------------	-----------	---------------	-------	--------------------------------	---------	----------
R1-013	----------------R-----	-----------	---------------	-------	--------------------------------	---------	----------
R1-014	----------------R-----	-----------	---------------	-------	--------------------------------	---------	----------
R1-015	----------------------	-----------	---------------	-------	--------------------------------	-------N-	----------
R1-016	----------------------	-----------	---------------	---K---	--------------------------------	---------	----------
R1-017	----------------R-----	-----------	---------------	-------	--------------------------------	---------	----------
R1-018	----------------R-----	-----------	---------------	-------	--------------------------------	---------	----------
R2-001	--V---------A--K--R---	-----------	---------------	---K---	--------------------------------	---------	----------
R2-002	--V---------A--K--R---	---K-------	---------------	---K---	--------------------------------	---------	----------
R2-003	--V---------A--K--R---	----------K	---------------	---K---	--------------------------------	---------	----------
R2-004	--V---------A--K--R---	-----------	--------------H	---K---	--------------------------------	---------	----------
R2-005	--V---------A--K--R---	-----------	--------------R	---K---	--------------------------------	---------	----------
R2-006	--V---------A--K--R---	-----------	---------------	--KK---	--------------------------------	---------	----------
R2-007	--V---------A--K--R---	-----------	---------------	---K---	--------K-----------------------	---------	----------
R2-008	--V---------A--K--R---	-----------	---------------	---K---	----------K---------------------	---------	----------
R2-009	--V---------A--K--R---	-----------	---------------	---K---	-----------K--------------------	---------	----------
R2-010	--V---------A--K--R---	-----------	---------------	---K---	--------------------------------	---------	----------
R2-011	--V---------A--K--R---	-----------	---------------	---K---	--------------------------------	---------	----------
R2-012	--V---------A--K--R---	-----------	---------------	---K---	--------------------------------	---------	----------
R2-013	--V---------A--K--R---	-----------	---------------	---K---	--------------------------------	---------	----------
R2-014	--V---------A--K--R---	-----------	---------------	---K---	--------------------------------	---------	----------
R2-015	--V---------A--K--R---	-----------	---------------	---K---	--------------------------------	---------	----------
R2-016	--V---------A--K--R---	-----------	---------------	---K---	--------------------------------	---------	----------
R2-017	--V---------A--K--R---	-----------	---------------	---K---	--------------------------------	---------	----------
R2-018	--V---------A--K--R---	--N--------	---------------	---K---	--------------------------------	---------	----------
R2-019	--V---------A--K--R---	-----------	---------------	L--K---	--------------------------------	---------	----------
R2-020	--V---------A--K--R---	-----------	---------------	-N-K---	--------------------------------	---------	----------
R2-021	--V---------A--K--R---	-----------	---------------	---K---	--------------------------------	-------K-	----------
R2-022	--V---------A--K--R---	-----------	---------------	---K---	--------------------------------	-------N-	----------

